,ID,Title,Location,Skills
0,1,QA Engineer - Core Database (remote),"ğŸ“
United Kingdom
ğŸŒ Fully Remote
â°
Full Time","AWS
GCP
Azure
Git
Python
SQL"
1,1,QA Engineer - Core Database (remote),"ğŸ“
United Kingdom
ğŸŒ Fully Remote
â°
Full Time","AWS
GCP
Azure
Git
Python
SQL"
2,1,QA Engineer - Core Database (remote),"ğŸ“
United Kingdom
ğŸŒ Fully Remote
â°
Full Time","AWS
GCP
Azure
Git
Python
SQL"
3,1,QA Engineer - Core Database (remote),"ğŸ“
United Kingdom
ğŸŒ Fully Remote
â°
Full Time","AWS
GCP
Azure
Git
Python
SQL"
4,1,QA Engineer - Core Database (remote),"ğŸ“
United Kingdom
ğŸŒ Fully Remote
â°
Full Time","AWS
GCP
Azure
Git
Python
SQL"
5,1,QA Engineer - Core Database (remote),"ğŸ“
United Kingdom
ğŸŒ Fully Remote
â°
Full Time","AWS
GCP
Azure
Git
Python
SQL"
6,1,QA Engineer - Core Database (remote),"ğŸ“
United Kingdom
ğŸŒ Fully Remote
â°
Full Time","AWS
GCP
Azure
Git
Python
SQL"
7,1,QA Engineer - Core Database (remote),"ğŸ“
United Kingdom
ğŸŒ Fully Remote
â°
Full Time","AWS
GCP
Azure
Git
Python
SQL"
8,1,QA Engineer - Core Database (remote),"ğŸ“
United Kingdom
ğŸŒ Fully Remote
â°
Full Time","AWS
GCP
Azure
Git
Python
SQL"
9,1,QA Engineer - Core Database (remote),"ğŸ“
United Kingdom
ğŸŒ Fully Remote
â°
Full Time","AWS
GCP
Azure
Git
Python
SQL"
10,1,QA Engineer - Core Database (remote),"ğŸ“
United Kingdom
ğŸŒ Fully Remote
â°
Full Time","AWS
GCP
Azure
Git
Python
SQL"
11,1,QA Engineer - Core Database (remote),"ğŸ“
United Kingdom
ğŸŒ Fully Remote
â°
Full Time","AWS
GCP
Azure
Git
Python
SQL"
12,1,QA Engineer - Core Database (remote),"ğŸ“
United Kingdom
ğŸŒ Fully Remote
â°
Full Time","AWS
GCP
Azure
Git
Python
SQL"
13,1,QA Engineer - Core Database (remote),"ğŸ“
United Kingdom
ğŸŒ Fully Remote
â°
Full Time","AWS
GCP
Azure
Git
Python
SQL"
14,1,QA Engineer - Core Database (remote),"ğŸ“
United Kingdom
ğŸŒ Fully Remote
â°
Full Time","AWS
GCP
Azure
Git
Python
SQL"
15,1,QA Engineer - Core Database (remote),"ğŸ“
United Kingdom
ğŸŒ Fully Remote
â°
Full Time","AWS
GCP
Azure
Git
Python
SQL"
16,1,QA Engineer - Core Database (remote),"ğŸ“
United Kingdom
ğŸŒ Fully Remote
â°
Full Time","AWS
GCP
Azure
Git
Python
SQL"
17,1,QA Engineer - Core Database (remote),"ğŸ“
United Kingdom
ğŸŒ Fully Remote
â°
Full Time","AWS
GCP
Azure
Git
Python
SQL"
18,1,QA Engineer - Core Database (remote),"ğŸ“
United Kingdom
ğŸŒ Fully Remote
â°
Full Time","AWS
GCP
Azure
Git
Python
SQL"
19,1,QA Engineer - Core Database (remote),"ğŸ“
United Kingdom
ğŸŒ Fully Remote
â°
Full Time","AWS
GCP
Azure
Git
Python
SQL"
20,1,QA Engineer - Core Database (remote),"ğŸ“
United Kingdom
ğŸŒ Fully Remote
â°
Full Time","AWS
GCP
Azure
Git
Python
SQL"
21,1,QA Engineer - Core Database (remote),"ğŸ“
United Kingdom
ğŸŒ Fully Remote
â°
Full Time","AWS
GCP
Azure
Git
Python
SQL"
22,1,QA Engineer - Core Database (remote),"ğŸ“
United Kingdom
ğŸŒ Fully Remote
â°
Full Time","AWS
GCP
Azure
Git
Python
SQL"
23,1,QA Engineer - Core Database (remote),"ğŸ“
United Kingdom
ğŸŒ Fully Remote
â°
Full Time","AWS
GCP
Azure
Git
Python
SQL"
24,1,QA Engineer - Core Database (remote),"ğŸ“
United Kingdom
ğŸŒ Fully Remote
â°
Full Time","AWS
GCP
Azure
Git
Python
SQL"
25,1,QA Engineer - Core Database (remote),"ğŸ“
United Kingdom
ğŸŒ Fully Remote
â°
Full Time","AWS
GCP
Azure
Git
Python
SQL"
26,1,QA Engineer - Core Database (remote),"ğŸ“
United Kingdom
ğŸŒ Fully Remote
â°
Full Time","AWS
GCP
Azure
Git
Python
SQL"
27,1,QA Engineer - Core Database (remote),"ğŸ“
United Kingdom
ğŸŒ Fully Remote
â°
Full Time","AWS
GCP
Azure
Git
Python
SQL"
28,1,QA Engineer - Core Database (remote),"ğŸ“
United Kingdom
ğŸŒ Fully Remote
â°
Full Time","AWS
GCP
Azure
Git
Python
SQL"
29,1,QA Engineer - Core Database (remote),"ğŸ“
United Kingdom
ğŸŒ Fully Remote
â°
Full Time","AWS
GCP
Azure
Git
Python
SQL"
30,1,QA Engineer - Core Database (remote),"ğŸ“
United Kingdom
ğŸŒ Fully Remote
â°
Full Time","AWS
GCP
Azure
Git
Python
SQL"
31,1,QA Engineer - Core Database (remote),"ğŸ“
United Kingdom
ğŸŒ Fully Remote
â°
Full Time","AWS
GCP
Azure
Git
Python
SQL"
32,1,QA Engineer - Core Database (remote),"ğŸ“
United Kingdom
ğŸŒ Fully Remote
â°
Full Time","AWS
GCP
Azure
Git
Python
SQL"
33,1,QA Engineer - Core Database (remote),"ğŸ“
United Kingdom
ğŸŒ Fully Remote
â°
Full Time","AWS
GCP
Azure
Git
Python
SQL"
34,1,QA Engineer - Core Database (remote),"ğŸ“
United Kingdom
ğŸŒ Fully Remote
â°
Full Time","AWS
GCP
Azure
Git
Python
SQL"
35,1,QA Engineer - Core Database (remote),"ğŸ“
United Kingdom
ğŸŒ Fully Remote
â°
Full Time","AWS
GCP
Azure
Git
Python
SQL"
36,1,QA Engineer - Core Database (remote),"ğŸ“
United Kingdom
ğŸŒ Fully Remote
â°
Full Time","AWS
GCP
Azure
Git
Python
SQL"
37,1,QA Engineer - Core Database (remote),"ğŸ“
United Kingdom
ğŸŒ Fully Remote
â°
Full Time","AWS
GCP
Azure
Git
Python
SQL"
38,1,QA Engineer - Core Database (remote),"ğŸ“
United Kingdom
ğŸŒ Fully Remote
â°
Full Time","AWS
GCP
Azure
Git
Python
SQL"
